{"Info": null, "_timestamp": 1711081865.2556512, "_runtime": 9.941866159439087, "_step": 0, "_wandb": {"runtime": 6}}