{"Info": null, "_timestamp": 1711081739.3779125, "_runtime": 8.7036714553833, "_step": 0, "_wandb": {"runtime": 113}}